timeStamp,elapsed,label,responseCode,responseMessage,threadName,dataType,success,failureMessage,bytes,sentBytes,grpThreads,allThreads,URL,Latency,IdleTime,Connect
1649831223180,2446,localhost CPU,,,,,true,,0,0,0,0,null,0,0,0
1649831224181,7810,135.181.85.130 CPU,,,,,true,,0,0,0,0,null,0,0,0
1649831224182,1839,135.181.85.130 CPU mysqldCPUPercent,,,,,true,,0,0,0,0,null,0,0,0
1649831224183,5173,localhost CPU,,,,,true,,0,0,0,0,null,0,0,0
1649831225183,28350,135.181.85.130 CPU,,,,,true,,0,0,0,0,null,0,0,0
1649831225183,0,135.181.85.130 CPU mysqldCPUPercent,,,,,true,,0,0,0,0,null,0,0,0
1649831225183,3977,localhost CPU,,,,,true,,0,0,0,0,null,0,0,0
1649831226184,28787,135.181.85.130 CPU,,,,,true,,0,0,0,0,null,0,0,0
1649831226184,8991,135.181.85.130 CPU mysqldCPUPercent,,,,,true,,0,0,0,0,null,0,0,0
1649831226184,2402,localhost CPU,,,,,true,,0,0,0,0,null,0,0,0
1649831227185,26666,135.181.85.130 CPU,,,,,true,,0,0,0,0,null,0,0,0
1649831227185,0,135.181.85.130 CPU mysqldCPUPercent,,,,,true,,0,0,0,0,null,0,0,0
1649831227185,2015,localhost CPU,,,,,true,,0,0,0,0,null,0,0,0
1649831228186,27979,135.181.85.130 CPU,,,,,true,,0,0,0,0,null,0,0,0
1649831228186,6986,135.181.85.130 CPU mysqldCPUPercent,,,,,true,,0,0,0,0,null,0,0,0
1649831228186,1574,localhost CPU,,,,,true,,0,0,0,0,null,0,0,0
1649831229187,29533,135.181.85.130 CPU,,,,,true,,0,0,0,0,null,0,0,0
1649831229187,0,135.181.85.130 CPU mysqldCPUPercent,,,,,true,,0,0,0,0,null,0,0,0
1649831229187,3150,localhost CPU,,,,,true,,0,0,0,0,null,0,0,0
1649831230187,27604,135.181.85.130 CPU,,,,,true,,0,0,0,0,null,0,0,0
1649831230187,7992,135.181.85.130 CPU mysqldCPUPercent,,,,,true,,0,0,0,0,null,0,0,0
1649831230188,3041,localhost CPU,,,,,true,,0,0,0,0,null,0,0,0
1649831231188,29381,135.181.85.130 CPU,,,,,true,,0,0,0,0,null,0,0,0
1649831231188,0,135.181.85.130 CPU mysqldCPUPercent,,,,,true,,0,0,0,0,null,0,0,0
1649831231188,2528,localhost CPU,,,,,true,,0,0,0,0,null,0,0,0
1649831232189,25906,135.181.85.130 CPU,,,,,true,,0,0,0,0,null,0,0,0
1649831232189,8991,135.181.85.130 CPU mysqldCPUPercent,,,,,true,,0,0,0,0,null,0,0,0
1649831232189,2514,localhost CPU,,,,,true,,0,0,0,0,null,0,0,0
1649831233189,31282,135.181.85.130 CPU,,,,,true,,0,0,0,0,null,0,0,0
1649831233190,0,135.181.85.130 CPU mysqldCPUPercent,,,,,true,,0,0,0,0,null,0,0,0
1649831233190,2894,localhost CPU,,,,,true,,0,0,0,0,null,0,0,0
1649831234190,26943,135.181.85.130 CPU,,,,,true,,0,0,0,0,null,0,0,0
1649831234190,9000,135.181.85.130 CPU mysqldCPUPercent,,,,,true,,0,0,0,0,null,0,0,0
1649831234191,2074,localhost CPU,,,,,true,,0,0,0,0,null,0,0,0
1649831235191,28865,135.181.85.130 CPU,,,,,true,,0,0,0,0,null,0,0,0
1649831235191,0,135.181.85.130 CPU mysqldCPUPercent,,,,,true,,0,0,0,0,null,0,0,0
1649831235191,2849,localhost CPU,,,,,true,,0,0,0,0,null,0,0,0
1649831236191,39896,135.181.85.130 CPU,,,,,true,,0,0,0,0,null,0,0,0
1649831236192,6993,135.181.85.130 CPU mysqldCPUPercent,,,,,true,,0,0,0,0,null,0,0,0
1649831236192,4169,localhost CPU,,,,,true,,0,0,0,0,null,0,0,0
1649831237192,32653,135.181.85.130 CPU,,,,,true,,0,0,0,0,null,0,0,0
1649831237192,0,135.181.85.130 CPU mysqldCPUPercent,,,,,true,,0,0,0,0,null,0,0,0
1649831237192,2460,localhost CPU,,,,,true,,0,0,0,0,null,0,0,0
1649831238193,26943,135.181.85.130 CPU,,,,,true,,0,0,0,0,null,0,0,0
1649831238193,8000,135.181.85.130 CPU mysqldCPUPercent,,,,,true,,0,0,0,0,null,0,0,0
1649831238193,3535,localhost CPU,,,,,true,,0,0,0,0,null,0,0,0
1649831239194,28350,135.181.85.130 CPU,,,,,true,,0,0,0,0,null,0,0,0
1649831239194,0,135.181.85.130 CPU mysqldCPUPercent,,,,,true,,0,0,0,0,null,0,0,0
1649831239194,3652,localhost CPU,,,,,true,,0,0,0,0,null,0,0,0
1649831240195,30456,135.181.85.130 CPU,,,,,true,,0,0,0,0,null,0,0,0
1649831240195,11988,135.181.85.130 CPU mysqldCPUPercent,,,,,true,,0,0,0,0,null,0,0,0
1649831240195,2518,localhost CPU,,,,,true,,0,0,0,0,null,0,0,0
1649831241195,26804,135.181.85.130 CPU,,,,,true,,0,0,0,0,null,0,0,0
1649831241196,0,135.181.85.130 CPU mysqldCPUPercent,,,,,true,,0,0,0,0,null,0,0,0
1649831241196,2143,localhost CPU,,,,,true,,0,0,0,0,null,0,0,0
1649831242196,27692,135.181.85.130 CPU,,,,,true,,0,0,0,0,null,0,0,0
1649831242196,8991,135.181.85.130 CPU mysqldCPUPercent,,,,,true,,0,0,0,0,null,0,0,0
1649831242196,4465,localhost CPU,,,,,true,,0,0,0,0,null,0,0,0
1649831243197,25773,135.181.85.130 CPU,,,,,true,,0,0,0,0,null,0,0,0
1649831243197,0,135.181.85.130 CPU mysqldCPUPercent,,,,,true,,0,0,0,0,null,0,0,0
1649831243197,1892,localhost CPU,,,,,true,,0,0,0,0,null,0,0,0
1649831244198,29743,135.181.85.130 CPU,,,,,true,,0,0,0,0,null,0,0,0
1649831244198,9009,135.181.85.130 CPU mysqldCPUPercent,,,,,true,,0,0,0,0,null,0,0,0
1649831244198,2638,localhost CPU,,,,,true,,0,0,0,0,null,0,0,0
1649831245198,27979,135.181.85.130 CPU,,,,,true,,0,0,0,0,null,0,0,0
1649831245199,0,135.181.85.130 CPU mysqldCPUPercent,,,,,true,,0,0,0,0,null,0,0,0
1649831245199,2649,localhost CPU,,,,,true,,0,0,0,0,null,0,0,0
1649831246199,26424,135.181.85.130 CPU,,,,,true,,0,0,0,0,null,0,0,0
1649831246199,8991,135.181.85.130 CPU mysqldCPUPercent,,,,,true,,0,0,0,0,null,0,0,0
1649831246200,1949,localhost CPU,,,,,true,,0,0,0,0,null,0,0,0
1649831247200,29591,135.181.85.130 CPU,,,,,true,,0,0,0,0,null,0,0,0
1649831247200,0,135.181.85.130 CPU mysqldCPUPercent,,,,,true,,0,0,0,0,null,0,0,0
1649831247201,2445,localhost CPU,,,,,true,,0,0,0,0,null,0,0,0
1649831248201,27835,135.181.85.130 CPU,,,,,true,,0,0,0,0,null,0,0,0
1649831248201,5000,135.181.85.130 CPU mysqldCPUPercent,,,,,true,,0,0,0,0,null,0,0,0
1649831248201,2833,localhost CPU,,,,,true,,0,0,0,0,null,0,0,0
1649831249202,26666,135.181.85.130 CPU,,,,,true,,0,0,0,0,null,0,0,0
1649831249202,0,135.181.85.130 CPU mysqldCPUPercent,,,,,true,,0,0,0,0,null,0,0,0
1649831249202,1821,localhost CPU,,,,,true,,0,0,0,0,null,0,0,0
1649831250203,27692,135.181.85.130 CPU,,,,,true,,0,0,0,0,null,0,0,0
1649831250203,6000,135.181.85.130 CPU mysqldCPUPercent,,,,,true,,0,0,0,0,null,0,0,0
1649831250203,2905,localhost CPU,,,,,true,,0,0,0,0,null,0,0,0
1649831251203,27835,135.181.85.130 CPU,,,,,true,,0,0,0,0,null,0,0,0
1649831251204,0,135.181.85.130 CPU mysqldCPUPercent,,,,,true,,0,0,0,0,null,0,0,0
1649831251204,2398,localhost CPU,,,,,true,,0,0,0,0,null,0,0,0
1649831252204,32307,135.181.85.130 CPU,,,,,true,,0,0,0,0,null,0,0,0
1649831252204,12000,135.181.85.130 CPU mysqldCPUPercent,,,,,true,,0,0,0,0,null,0,0,0
1649831252204,2138,localhost CPU,,,,,true,,0,0,0,0,null,0,0,0
1649831253204,50515,135.181.85.130 CPU,,,,,true,,0,0,0,0,null,0,0,0
1649831253205,0,135.181.85.130 CPU mysqldCPUPercent,,,,,true,,0,0,0,0,null,0,0,0
1649831253205,1893,localhost CPU,,,,,true,,0,0,0,0,null,0,0,0
1649831254205,28571,135.181.85.130 CPU,,,,,true,,0,0,0,0,null,0,0,0
1649831254206,9000,135.181.85.130 CPU mysqldCPUPercent,,,,,true,,0,0,0,0,null,0,0,0
1649831254206,2651,localhost CPU,,,,,true,,0,0,0,0,null,0,0,0
1649831255206,27225,135.181.85.130 CPU,,,,,true,,0,0,0,0,null,0,0,0
1649831255206,0,135.181.85.130 CPU mysqldCPUPercent,,,,,true,,0,0,0,0,null,0,0,0
1649831255206,2340,localhost CPU,,,,,true,,0,0,0,0,null,0,0,0
1649831256207,27835,135.181.85.130 CPU,,,,,true,,0,0,0,0,null,0,0,0
1649831256207,12000,135.181.85.130 CPU mysqldCPUPercent,,,,,true,,0,0,0,0,null,0,0,0
1649831256207,1893,localhost CPU,,,,,true,,0,0,0,0,null,0,0,0
1649831257207,26804,135.181.85.130 CPU,,,,,true,,0,0,0,0,null,0,0,0
1649831257208,0,135.181.85.130 CPU mysqldCPUPercent,,,,,true,,0,0,0,0,null,0,0,0
1649831257208,3089,localhost CPU,,,,,true,,0,0,0,0,null,0,0,0
1649831258208,30256,135.181.85.130 CPU,,,,,true,,0,0,0,0,null,0,0,0
1649831258209,5994,135.181.85.130 CPU mysqldCPUPercent,,,,,true,,0,0,0,0,null,0,0,0
1649831258209,2209,localhost CPU,,,,,true,,0,0,0,0,null,0,0,0
1649831259209,28497,135.181.85.130 CPU,,,,,true,,0,0,0,0,null,0,0,0
1649831259209,0,135.181.85.130 CPU mysqldCPUPercent,,,,,true,,0,0,0,0,null,0,0,0
1649831259210,2261,localhost CPU,,,,,true,,0,0,0,0,null,0,0,0
1649831260210,30769,135.181.85.130 CPU,,,,,true,,0,0,0,0,null,0,0,0
1649831260210,6000,135.181.85.130 CPU mysqldCPUPercent,,,,,true,,0,0,0,0,null,0,0,0
1649831260210,2709,localhost CPU,,,,,true,,0,0,0,0,null,0,0,0
1649831261210,29743,135.181.85.130 CPU,,,,,true,,0,0,0,0,null,0,0,0
1649831261211,0,135.181.85.130 CPU mysqldCPUPercent,,,,,true,,0,0,0,0,null,0,0,0
1649831261211,5629,localhost CPU,,,,,true,,0,0,0,0,null,0,0,0
1649831262211,26903,135.181.85.130 CPU,,,,,true,,0,0,0,0,null,0,0,0
1649831262212,7992,135.181.85.130 CPU mysqldCPUPercent,,,,,true,,0,0,0,0,null,0,0,0
1649831262212,3619,localhost CPU,,,,,true,,0,0,0,0,null,0,0,0
1649831263212,32307,135.181.85.130 CPU,,,,,true,,0,0,0,0,null,0,0,0
1649831263212,0,135.181.85.130 CPU mysqldCPUPercent,,,,,true,,0,0,0,0,null,0,0,0
1649831263212,3227,localhost CPU,,,,,true,,0,0,0,0,null,0,0,0
1649831264213,28350,135.181.85.130 CPU,,,,,true,,0,0,0,0,null,0,0,0
1649831264213,7992,135.181.85.130 CPU mysqldCPUPercent,,,,,true,,0,0,0,0,null,0,0,0
1649831264213,3099,localhost CPU,,,,,true,,0,0,0,0,null,0,0,0
1649831265213,30051,135.181.85.130 CPU,,,,,true,,0,0,0,0,null,0,0,0
1649831265214,0,135.181.85.130 CPU mysqldCPUPercent,,,,,true,,0,0,0,0,null,0,0,0
1649831265214,3081,localhost CPU,,,,,true,,0,0,0,0,null,0,0,0
1649831266214,30687,135.181.85.130 CPU,,,,,true,,0,0,0,0,null,0,0,0
1649831266215,19000,135.181.85.130 CPU mysqldCPUPercent,,,,,true,,0,0,0,0,null,0,0,0
1649831266215,2216,localhost CPU,,,,,true,,0,0,0,0,null,0,0,0
1649831267215,27551,135.181.85.130 CPU,,,,,true,,0,0,0,0,null,0,0,0
1649831267215,0,135.181.85.130 CPU mysqldCPUPercent,,,,,true,,0,0,0,0,null,0,0,0
1649831267216,1826,localhost CPU,,,,,true,,0,0,0,0,null,0,0,0
1649831268216,49230,135.181.85.130 CPU,,,,,true,,0,0,0,0,null,0,0,0
1649831268216,13000,135.181.85.130 CPU mysqldCPUPercent,,,,,true,,0,0,0,0,null,0,0,0
1649831268216,2267,localhost CPU,,,,,true,,0,0,0,0,null,0,0,0
1649831269217,48469,135.181.85.130 CPU,,,,,true,,0,0,0,0,null,0,0,0
1649831269217,0,135.181.85.130 CPU mysqldCPUPercent,,,,,true,,0,0,0,0,null,0,0,0
1649831269217,2029,localhost CPU,,,,,true,,0,0,0,0,null,0,0,0
1649831270217,29591,135.181.85.130 CPU,,,,,true,,0,0,0,0,null,0,0,0
1649831270218,9990,135.181.85.130 CPU mysqldCPUPercent,,,,,true,,0,0,0,0,null,0,0,0
1649831270218,2718,localhost CPU,,,,,true,,0,0,0,0,null,0,0,0
1649831271218,45595,135.181.85.130 CPU,,,,,true,,0,0,0,0,null,0,0,0
1649831271218,0,135.181.85.130 CPU mysqldCPUPercent,,,,,true,,0,0,0,0,null,0,0,0
1649831271218,2663,localhost CPU,,,,,true,,0,0,0,0,null,0,0,0
1649831272219,31472,135.181.85.130 CPU,,,,,true,,0,0,0,0,null,0,0,0
1649831272219,12987,135.181.85.130 CPU mysqldCPUPercent,,,,,true,,0,0,0,0,null,0,0,0
1649831272219,3189,localhost CPU,,,,,true,,0,0,0,0,null,0,0,0
1649831273220,27835,135.181.85.130 CPU,,,,,true,,0,0,0,0,null,0,0,0
1649831273220,0,135.181.85.130 CPU mysqldCPUPercent,,,,,true,,0,0,0,0,null,0,0,0
1649831273221,2468,localhost CPU,,,,,true,,0,0,0,0,null,0,0,0
1649831274221,29166,135.181.85.130 CPU,,,,,true,,0,0,0,0,null,0,0,0
1649831274221,10040,135.181.85.130 CPU mysqldCPUPercent,,,,,true,,0,0,0,0,null,0,0,0
1649831274221,3205,localhost CPU,,,,,true,,0,0,0,0,null,0,0,0
1649831275222,29896,135.181.85.130 CPU,,,,,true,,0,0,0,0,null,0,0,0
1649831275222,0,135.181.85.130 CPU mysqldCPUPercent,,,,,true,,0,0,0,0,null,0,0,0
1649831275222,3041,localhost CPU,,,,,true,,0,0,0,0,null,0,0,0
1649831276223,28645,135.181.85.130 CPU,,,,,true,,0,0,0,0,null,0,0,0
1649831276223,17982,135.181.85.130 CPU mysqldCPUPercent,,,,,true,,0,0,0,0,null,0,0,0
1649831276223,2209,localhost CPU,,,,,true,,0,0,0,0,null,0,0,0
1649831277224,27551,135.181.85.130 CPU,,,,,true,,0,0,0,0,null,0,0,0
1649831277224,0,135.181.85.130 CPU mysqldCPUPercent,,,,,true,,0,0,0,0,null,0,0,0
1649831277224,1895,localhost CPU,,,,,true,,0,0,0,0,null,0,0,0
1649831278224,31606,135.181.85.130 CPU,,,,,true,,0,0,0,0,null,0,0,0
1649831278225,10989,135.181.85.130 CPU mysqldCPUPercent,,,,,true,,0,0,0,0,null,0,0,0
1649831278225,2896,localhost CPU,,,,,true,,0,0,0,0,null,0,0,0
1649831279225,29591,135.181.85.130 CPU,,,,,true,,0,0,0,0,null,0,0,0
1649831279226,0,135.181.85.130 CPU mysqldCPUPercent,,,,,true,,0,0,0,0,null,0,0,0
1649831279226,2205,localhost CPU,,,,,true,,0,0,0,0,null,0,0,0
1649831280226,26943,135.181.85.130 CPU,,,,,true,,0,0,0,0,null,0,0,0
1649831280226,11000,135.181.85.130 CPU mysqldCPUPercent,,,,,true,,0,0,0,0,null,0,0,0
1649831280226,2212,localhost CPU,,,,,true,,0,0,0,0,null,0,0,0
1649831281227,29896,135.181.85.130 CPU,,,,,true,,0,0,0,0,null,0,0,0
1649831281227,0,135.181.85.130 CPU mysqldCPUPercent,,,,,true,,0,0,0,0,null,0,0,0
1649831281227,3483,localhost CPU,,,,,true,,0,0,0,0,null,0,0,0
1649831282228,42783,135.181.85.130 CPU,,,,,true,,0,0,0,0,null,0,0,0
1649831282228,10989,135.181.85.130 CPU mysqldCPUPercent,,,,,true,,0,0,0,0,null,0,0,0
1649831282228,1959,localhost CPU,,,,,true,,0,0,0,0,null,0,0,0
1649831283229,38341,135.181.85.130 CPU,,,,,true,,0,0,0,0,null,0,0,0
1649831283229,0,135.181.85.130 CPU mysqldCPUPercent,,,,,true,,0,0,0,0,null,0,0,0
1649831283229,2654,localhost CPU,,,,,true,,0,0,0,0,null,0,0,0
1649831284230,37948,135.181.85.130 CPU,,,,,true,,0,0,0,0,null,0,0,0
1649831284230,8991,135.181.85.130 CPU mysqldCPUPercent,,,,,true,,0,0,0,0,null,0,0,0
1649831284230,2534,localhost CPU,,,,,true,,0,0,0,0,null,0,0,0
1649831285230,29533,135.181.85.130 CPU,,,,,true,,0,0,0,0,null,0,0,0
1649831285231,0,135.181.85.130 CPU mysqldCPUPercent,,,,,true,,0,0,0,0,null,0,0,0
1649831285231,2954,localhost CPU,,,,,true,,0,0,0,0,null,0,0,0
1649831286232,29743,135.181.85.130 CPU,,,,,true,,0,0,0,0,null,0,0,0
1649831286232,15015,135.181.85.130 CPU mysqldCPUPercent,,,,,true,,0,0,0,0,null,0,0,0
1649831286232,3024,localhost CPU,,,,,true,,0,0,0,0,null,0,0,0
1649831287232,28717,135.181.85.130 CPU,,,,,true,,0,0,0,0,null,0,0,0
1649831287232,0,135.181.85.130 CPU mysqldCPUPercent,,,,,true,,0,0,0,0,null,0,0,0
1649831287233,1898,localhost CPU,,,,,true,,0,0,0,0,null,0,0,0
1649831288233,29591,135.181.85.130 CPU,,,,,true,,0,0,0,0,null,0,0,0
1649831288233,13000,135.181.85.130 CPU mysqldCPUPercent,,,,,true,,0,0,0,0,null,0,0,0
1649831288234,2340,localhost CPU,,,,,true,,0,0,0,0,null,0,0,0
1649831289234,27461,135.181.85.130 CPU,,,,,true,,0,0,0,0,null,0,0,0
1649831289234,0,135.181.85.130 CPU mysqldCPUPercent,,,,,true,,0,0,0,0,null,0,0,0
1649831289234,3600,localhost CPU,,,,,true,,0,0,0,0,null,0,0,0
1649831290235,27461,135.181.85.130 CPU,,,,,true,,0,0,0,0,null,0,0,0
1649831290235,14000,135.181.85.130 CPU mysqldCPUPercent,,,,,true,,0,0,0,0,null,0,0,0
1649831290236,2154,localhost CPU,,,,,true,,0,0,0,0,null,0,0,0
1649831291236,28865,135.181.85.130 CPU,,,,,true,,0,0,0,0,null,0,0,0
1649831291236,0,135.181.85.130 CPU mysqldCPUPercent,,,,,true,,0,0,0,0,null,0,0,0
1649831291236,4137,localhost CPU,,,,,true,,0,0,0,0,null,0,0,0
1649831292237,37113,135.181.85.130 CPU,,,,,true,,0,0,0,0,null,0,0,0
1649831292237,16016,135.181.85.130 CPU mysqldCPUPercent,,,,,true,,0,0,0,0,null,0,0,0
1649831292237,2898,localhost CPU,,,,,true,,0,0,0,0,null,0,0,0
1649831293238,26153,135.181.85.130 CPU,,,,,true,,0,0,0,0,null,0,0,0
1649831293238,0,135.181.85.130 CPU mysqldCPUPercent,,,,,true,,0,0,0,0,null,0,0,0
1649831293238,3510,localhost CPU,,,,,true,,0,0,0,0,null,0,0,0
1649831294239,29230,135.181.85.130 CPU,,,,,true,,0,0,0,0,null,0,0,0
1649831294239,14970,135.181.85.130 CPU mysqldCPUPercent,,,,,true,,0,0,0,0,null,0,0,0
1649831294239,1831,localhost CPU,,,,,true,,0,0,0,0,null,0,0,0
1649831295239,27179,135.181.85.130 CPU,,,,,true,,0,0,0,0,null,0,0,0
1649831295239,0,135.181.85.130 CPU mysqldCPUPercent,,,,,true,,0,0,0,0,null,0,0,0
1649831295240,2155,localhost CPU,,,,,true,,0,0,0,0,null,0,0,0
1649831296240,29743,135.181.85.130 CPU,,,,,true,,0,0,0,0,null,0,0,0
1649831296240,9990,135.181.85.130 CPU mysqldCPUPercent,,,,,true,,0,0,0,0,null,0,0,0
1649831296241,1827,localhost CPU,,,,,true,,0,0,0,0,null,0,0,0
1649831297241,28350,135.181.85.130 CPU,,,,,true,,0,0,0,0,null,0,0,0
1649831297242,0,135.181.85.130 CPU mysqldCPUPercent,,,,,true,,0,0,0,0,null,0,0,0
1649831297242,2139,localhost CPU,,,,,true,,0,0,0,0,null,0,0,0
1649831298242,29081,135.181.85.130 CPU,,,,,true,,0,0,0,0,null,0,0,0
1649831298243,14970,135.181.85.130 CPU mysqldCPUPercent,,,,,true,,0,0,0,0,null,0,0,0
1649831298243,2021,localhost CPU,,,,,true,,0,0,0,0,null,0,0,0
1649831299243,28497,135.181.85.130 CPU,,,,,true,,0,0,0,0,null,0,0,0
1649831299243,0,135.181.85.130 CPU mysqldCPUPercent,,,,,true,,0,0,0,0,null,0,0,0
1649831299244,2222,localhost CPU,,,,,true,,0,0,0,0,null,0,0,0
1649831300244,26943,135.181.85.130 CPU,,,,,true,,0,0,0,0,null,0,0,0
1649831300244,14014,135.181.85.130 CPU mysqldCPUPercent,,,,,true,,0,0,0,0,null,0,0,0
1649831300244,2928,localhost CPU,,,,,true,,0,0,0,0,null,0,0,0
1649831301245,25773,135.181.85.130 CPU,,,,,true,,0,0,0,0,null,0,0,0
1649831301245,0,135.181.85.130 CPU mysqldCPUPercent,,,,,true,,0,0,0,0,null,0,0,0
1649831301245,2343,localhost CPU,,,,,true,,0,0,0,0,null,0,0,0
1649831302246,29015,135.181.85.130 CPU,,,,,true,,0,0,0,0,null,0,0,0
1649831302246,15984,135.181.85.130 CPU mysqldCPUPercent,,,,,true,,0,0,0,0,null,0,0,0
1649831302246,2391,localhost CPU,,,,,true,,0,0,0,0,null,0,0,0
1649831303247,36082,135.181.85.130 CPU,,,,,true,,0,0,0,0,null,0,0,0
1649831303247,0,135.181.85.130 CPU mysqldCPUPercent,,,,,true,,0,0,0,0,null,0,0,0
1649831303247,1893,localhost CPU,,,,,true,,0,0,0,0,null,0,0,0
1649831304248,35384,135.181.85.130 CPU,,,,,true,,0,0,0,0,null,0,0,0
1649831304248,11988,135.181.85.130 CPU mysqldCPUPercent,,,,,true,,0,0,0,0,null,0,0,0
1649831304248,3030,localhost CPU,,,,,true,,0,0,0,0,null,0,0,0
1649831305248,46113,135.181.85.130 CPU,,,,,true,,0,0,0,0,null,0,0,0
1649831305248,0,135.181.85.130 CPU mysqldCPUPercent,,,,,true,,0,0,0,0,null,0,0,0
1649831305249,2712,localhost CPU,,,,,true,,0,0,0,0,null,0,0,0
1649831306249,29687,135.181.85.130 CPU,,,,,true,,0,0,0,0,null,0,0,0
1649831306249,18000,135.181.85.130 CPU mysqldCPUPercent,,,,,true,,0,0,0,0,null,0,0,0
1649831306249,2783,localhost CPU,,,,,true,,0,0,0,0,null,0,0,0
1649831307250,33333,135.181.85.130 CPU,,,,,true,,0,0,0,0,null,0,0,0
1649831307250,0,135.181.85.130 CPU mysqldCPUPercent,,,,,true,,0,0,0,0,null,0,0,0
1649831307250,2083,localhost CPU,,,,,true,,0,0,0,0,null,0,0,0
1649831308251,37628,135.181.85.130 CPU,,,,,true,,0,0,0,0,null,0,0,0
1649831308251,16000,135.181.85.130 CPU mysqldCPUPercent,,,,,true,,0,0,0,0,null,0,0,0
1649831308251,2099,localhost CPU,,,,,true,,0,0,0,0,null,0,0,0
1649831309251,31250,135.181.85.130 CPU,,,,,true,,0,0,0,0,null,0,0,0
1649831309251,0,135.181.85.130 CPU mysqldCPUPercent,,,,,true,,0,0,0,0,null,0,0,0
1649831309251,2335,localhost CPU,,,,,true,,0,0,0,0,null,0,0,0
1649831310252,29230,135.181.85.130 CPU,,,,,true,,0,0,0,0,null,0,0,0
1649831310252,22000,135.181.85.130 CPU mysqldCPUPercent,,,,,true,,0,0,0,0,null,0,0,0
1649831310252,2085,localhost CPU,,,,,true,,0,0,0,0,null,0,0,0
1649831311252,29166,135.181.85.130 CPU,,,,,true,,0,0,0,0,null,0,0,0
1649831311253,0,135.181.85.130 CPU mysqldCPUPercent,,,,,true,,0,0,0,0,null,0,0,0
1649831311253,1952,localhost CPU,,,,,true,,0,0,0,0,null,0,0,0
1649831312253,29015,135.181.85.130 CPU,,,,,true,,0,0,0,0,null,0,0,0
1649831312253,16000,135.181.85.130 CPU mysqldCPUPercent,,,,,true,,0,0,0,0,null,0,0,0
1649831312254,2451,localhost CPU,,,,,true,,0,0,0,0,null,0,0,0
1649831313254,41752,135.181.85.130 CPU,,,,,true,,0,0,0,0,null,0,0,0
1649831313254,0,135.181.85.130 CPU mysqldCPUPercent,,,,,true,,0,0,0,0,null,0,0,0
1649831313254,1638,localhost CPU,,,,,true,,0,0,0,0,null,0,0,0
1649831314255,50515,135.181.85.130 CPU,,,,,true,,0,0,0,0,null,0,0,0
1649831314255,17000,135.181.85.130 CPU mysqldCPUPercent,,,,,true,,0,0,0,0,null,0,0,0
1649831314255,2139,localhost CPU,,,,,true,,0,0,0,0,null,0,0,0
1649831315255,33678,135.181.85.130 CPU,,,,,true,,0,0,0,0,null,0,0,0
1649831315256,0,135.181.85.130 CPU mysqldCPUPercent,,,,,true,,0,0,0,0,null,0,0,0
1649831315256,2704,localhost CPU,,,,,true,,0,0,0,0,null,0,0,0
1649831316256,28350,135.181.85.130 CPU,,,,,true,,0,0,0,0,null,0,0,0
1649831316256,15015,135.181.85.130 CPU mysqldCPUPercent,,,,,true,,0,0,0,0,null,0,0,0
1649831316257,2265,localhost CPU,,,,,true,,0,0,0,0,null,0,0,0
1649831317257,31472,135.181.85.130 CPU,,,,,true,,0,0,0,0,null,0,0,0
1649831317257,0,135.181.85.130 CPU mysqldCPUPercent,,,,,true,,0,0,0,0,null,0,0,0
1649831317258,2264,localhost CPU,,,,,true,,0,0,0,0,null,0,0,0
1649831318258,30208,135.181.85.130 CPU,,,,,true,,0,0,0,0,null,0,0,0
1649831318258,18981,135.181.85.130 CPU mysqldCPUPercent,,,,,true,,0,0,0,0,null,0,0,0
1649831318259,1890,localhost CPU,,,,,true,,0,0,0,0,null,0,0,0
1649831319259,33333,135.181.85.130 CPU,,,,,true,,0,0,0,0,null,0,0,0
1649831319259,0,135.181.85.130 CPU mysqldCPUPercent,,,,,true,,0,0,0,0,null,0,0,0
1649831319259,2267,localhost CPU,,,,,true,,0,0,0,0,null,0,0,0
1649831320260,30569,135.181.85.130 CPU,,,,,true,,0,0,0,0,null,0,0,0
1649831320260,21021,135.181.85.130 CPU mysqldCPUPercent,,,,,true,,0,0,0,0,null,0,0,0
1649831320260,2329,localhost CPU,,,,,true,,0,0,0,0,null,0,0,0
1649831321261,30256,135.181.85.130 CPU,,,,,true,,0,0,0,0,null,0,0,0
1649831321261,0,135.181.85.130 CPU mysqldCPUPercent,,,,,true,,0,0,0,0,null,0,0,0
1649831321261,2774,localhost CPU,,,,,true,,0,0,0,0,null,0,0,0
1649831322261,29533,135.181.85.130 CPU,,,,,true,,0,0,0,0,null,0,0,0
1649831322261,16000,135.181.85.130 CPU mysqldCPUPercent,,,,,true,,0,0,0,0,null,0,0,0
1649831322262,2087,localhost CPU,,,,,true,,0,0,0,0,null,0,0,0
1649831323262,53333,135.181.85.130 CPU,,,,,true,,0,0,0,0,null,0,0,0
1649831323262,0,135.181.85.130 CPU mysqldCPUPercent,,,,,true,,0,0,0,0,null,0,0,0
1649831323262,2463,localhost CPU,,,,,true,,0,0,0,0,null,0,0,0
1649831324263,29743,135.181.85.130 CPU,,,,,true,,0,0,0,0,null,0,0,0
1649831324263,12000,135.181.85.130 CPU mysqldCPUPercent,,,,,true,,0,0,0,0,null,0,0,0
1649831324263,2460,localhost CPU,,,,,true,,0,0,0,0,null,0,0,0
1649831325264,30569,135.181.85.130 CPU,,,,,true,,0,0,0,0,null,0,0,0
1649831325264,0,135.181.85.130 CPU mysqldCPUPercent,,,,,true,,0,0,0,0,null,0,0,0
1649831325264,2460,localhost CPU,,,,,true,,0,0,0,0,null,0,0,0
1649831326264,26153,135.181.85.130 CPU,,,,,true,,0,0,0,0,null,0,0,0
1649831326264,12000,135.181.85.130 CPU mysqldCPUPercent,,,,,true,,0,0,0,0,null,0,0,0
1649831326265,2388,localhost CPU,,,,,true,,0,0,0,0,null,0,0,0
1649831327265,30256,135.181.85.130 CPU,,,,,true,,0,0,0,0,null,0,0,0
1649831327265,0,135.181.85.130 CPU mysqldCPUPercent,,,,,true,,0,0,0,0,null,0,0,0
1649831327265,2337,localhost CPU,,,,,true,,0,0,0,0,null,0,0,0
1649831328266,29687,135.181.85.130 CPU,,,,,true,,0,0,0,0,null,0,0,0
1649831328266,19000,135.181.85.130 CPU mysqldCPUPercent,,,,,true,,0,0,0,0,null,0,0,0
1649831328266,4240,localhost CPU,,,,,true,,0,0,0,0,null,0,0,0
1649831329267,27411,135.181.85.130 CPU,,,,,true,,0,0,0,0,null,0,0,0
1649831329267,0,135.181.85.130 CPU mysqldCPUPercent,,,,,true,,0,0,0,0,null,0,0,0
1649831329267,1767,localhost CPU,,,,,true,,0,0,0,0,null,0,0,0
1649831330268,36597,135.181.85.130 CPU,,,,,true,,0,0,0,0,null,0,0,0
1649831330268,15984,135.181.85.130 CPU mysqldCPUPercent,,,,,true,,0,0,0,0,null,0,0,0
1649831330268,2020,localhost CPU,,,,,true,,0,0,0,0,null,0,0,0
1649831331269,27979,135.181.85.130 CPU,,,,,true,,0,0,0,0,null,0,0,0
1649831331269,0,135.181.85.130 CPU mysqldCPUPercent,,,,,true,,0,0,0,0,null,0,0,0
1649831331269,2639,localhost CPU,,,,,true,,0,0,0,0,null,0,0,0
1649831332270,27979,135.181.85.130 CPU,,,,,true,,0,0,0,0,null,0,0,0
1649831332270,16016,135.181.85.130 CPU mysqldCPUPercent,,,,,true,,0,0,0,0,null,0,0,0
1649831332270,2082,localhost CPU,,,,,true,,0,0,0,0,null,0,0,0
1649831333270,29441,135.181.85.130 CPU,,,,,true,,0,0,0,0,null,0,0,0
1649831333271,0,135.181.85.130 CPU mysqldCPUPercent,,,,,true,,0,0,0,0,null,0,0,0
1649831333271,4465,localhost CPU,,,,,true,,0,0,0,0,null,0,0,0
1649831334271,31282,135.181.85.130 CPU,,,,,true,,0,0,0,0,null,0,0,0
1649831334271,20020,135.181.85.130 CPU mysqldCPUPercent,,,,,true,,0,0,0,0,null,0,0,0
1649831334271,3286,localhost CPU,,,,,true,,0,0,0,0,null,0,0,0
1649831335272,32307,135.181.85.130 CPU,,,,,true,,0,0,0,0,null,0,0,0
1649831335272,0,135.181.85.130 CPU mysqldCPUPercent,,,,,true,,0,0,0,0,null,0,0,0
1649831335272,8132,localhost CPU,,,,,true,,0,0,0,0,null,0,0,0
1649831336272,33673,135.181.85.130 CPU,,,,,true,,0,0,0,0,null,0,0,0
1649831336272,15000,135.181.85.130 CPU mysqldCPUPercent,,,,,true,,0,0,0,0,null,0,0,0
1649831336273,16464,localhost CPU,,,,,true,,0,0,0,0,null,0,0,0
1649831337273,32994,135.181.85.130 CPU,,,,,true,,0,0,0,0,null,0,0,0
1649831337273,0,135.181.85.130 CPU mysqldCPUPercent,,,,,true,,0,0,0,0,null,0,0,0
1649831337273,9299,localhost CPU,,,,,true,,0,0,0,0,null,0,0,0
1649831338274,47422,135.181.85.130 CPU,,,,,true,,0,0,0,0,null,0,0,0
1649831338274,11988,135.181.85.130 CPU mysqldCPUPercent,,,,,true,,0,0,0,0,null,0,0,0
1649831338274,6064,localhost CPU,,,,,true,,0,0,0,0,null,0,0,0
1649831339274,26943,135.181.85.130 CPU,,,,,true,,0,0,0,0,null,0,0,0
1649831339275,0,135.181.85.130 CPU mysqldCPUPercent,,,,,true,,0,0,0,0,null,0,0,0
1649831339275,4427,localhost CPU,,,,,true,,0,0,0,0,null,0,0,0
1649831340275,30927,135.181.85.130 CPU,,,,,true,,0,0,0,0,null,0,0,0
1649831340275,13986,135.181.85.130 CPU mysqldCPUPercent,,,,,true,,0,0,0,0,null,0,0,0
1649831340275,5849,localhost CPU,,,,,true,,0,0,0,0,null,0,0,0
1649831341276,29166,135.181.85.130 CPU,,,,,true,,0,0,0,0,null,0,0,0
1649831341276,0,135.181.85.130 CPU mysqldCPUPercent,,,,,true,,0,0,0,0,null,0,0,0
1649831341276,3659,localhost CPU,,,,,true,,0,0,0,0,null,0,0,0
1649831342276,38461,135.181.85.130 CPU,,,,,true,,0,0,0,0,null,0,0,0
1649831342277,16016,135.181.85.130 CPU mysqldCPUPercent,,,,,true,,0,0,0,0,null,0,0,0
1649831342277,6844,localhost CPU,,,,,true,,0,0,0,0,null,0,0,0
1649831343277,37305,135.181.85.130 CPU,,,,,true,,0,0,0,0,null,0,0,0
1649831343277,0,135.181.85.130 CPU mysqldCPUPercent,,,,,true,,0,0,0,0,null,0,0,0
1649831343277,12229,localhost CPU,,,,,true,,0,0,0,0,null,0,0,0
1649831344278,29743,135.181.85.130 CPU,,,,,true,,0,0,0,0,null,0,0,0
1649831344278,20000,135.181.85.130 CPU mysqldCPUPercent,,,,,true,,0,0,0,0,null,0,0,0
1649831344278,15453,localhost CPU,,,,,true,,0,0,0,0,null,0,0,0
1649831345278,30412,135.181.85.130 CPU,,,,,true,,0,0,0,0,null,0,0,0
1649831345278,0,135.181.85.130 CPU mysqldCPUPercent,,,,,true,,0,0,0,0,null,0,0,0
1649831345278,12935,localhost CPU,,,,,true,,0,0,0,0,null,0,0,0
1649831346279,30569,135.181.85.130 CPU,,,,,true,,0,0,0,0,null,0,0,0
1649831346279,19960,135.181.85.130 CPU mysqldCPUPercent,,,,,true,,0,0,0,0,null,0,0,0
1649831346279,9004,localhost CPU,,,,,true,,0,0,0,0,null,0,0,0
1649831347279,31443,135.181.85.130 CPU,,,,,true,,0,0,0,0,null,0,0,0
1649831347279,0,135.181.85.130 CPU mysqldCPUPercent,,,,,true,,0,0,0,0,null,0,0,0
1649831347279,16805,localhost CPU,,,,,true,,0,0,0,0,null,0,0,0
1649831348279,31632,135.181.85.130 CPU,,,,,true,,0,0,0,0,null,0,0,0
1649831348280,12000,135.181.85.130 CPU mysqldCPUPercent,,,,,true,,0,0,0,0,null,0,0,0
1649831348280,10388,localhost CPU,,,,,true,,0,0,0,0,null,0,0,0
1649831349280,27979,135.181.85.130 CPU,,,,,true,,0,0,0,0,null,0,0,0
1649831349280,0,135.181.85.130 CPU mysqldCPUPercent,,,,,true,,0,0,0,0,null,0,0,0
1649831349280,5453,localhost CPU,,,,,true,,0,0,0,0,null,0,0,0
1649831350281,26666,135.181.85.130 CPU,,,,,true,,0,0,0,0,null,0,0,0
1649831350281,13000,135.181.85.130 CPU mysqldCPUPercent,,,,,true,,0,0,0,0,null,0,0,0
1649831350281,2449,localhost CPU,,,,,true,,0,0,0,0,null,0,0,0
1649831351282,28865,135.181.85.130 CPU,,,,,true,,0,0,0,0,null,0,0,0
1649831351282,0,135.181.85.130 CPU mysqldCPUPercent,,,,,true,,0,0,0,0,null,0,0,0
1649831351282,1950,localhost CPU,,,,,true,,0,0,0,0,null,0,0,0
1649831352282,38693,135.181.85.130 CPU,,,,,true,,0,0,0,0,null,0,0,0
1649831352283,17982,135.181.85.130 CPU mysqldCPUPercent,,,,,true,,0,0,0,0,null,0,0,0
1649831352283,2643,localhost CPU,,,,,true,,0,0,0,0,null,0,0,0
1649831353283,28717,135.181.85.130 CPU,,,,,true,,0,0,0,0,null,0,0,0
1649831353283,0,135.181.85.130 CPU mysqldCPUPercent,,,,,true,,0,0,0,0,null,0,0,0
1649831353283,3211,localhost CPU,,,,,true,,0,0,0,0,null,0,0,0
1649831354284,28865,135.181.85.130 CPU,,,,,true,,0,0,0,0,null,0,0,0
1649831354284,16966,135.181.85.130 CPU mysqldCPUPercent,,,,,true,,0,0,0,0,null,0,0,0
1649831354284,3160,localhost CPU,,,,,true,,0,0,0,0,null,0,0,0
1649831355285,30102,135.181.85.130 CPU,,,,,true,,0,0,0,0,null,0,0,0
1649831355285,0,135.181.85.130 CPU mysqldCPUPercent,,,,,true,,0,0,0,0,null,0,0,0
1649831355285,2719,localhost CPU,,,,,true,,0,0,0,0,null,0,0,0
1649831356285,28205,135.181.85.130 CPU,,,,,true,,0,0,0,0,null,0,0,0
1649831356286,16000,135.181.85.130 CPU mysqldCPUPercent,,,,,true,,0,0,0,0,null,0,0,0
1649831356286,2209,localhost CPU,,,,,true,,0,0,0,0,null,0,0,0
1649831357286,29743,135.181.85.130 CPU,,,,,true,,0,0,0,0,null,0,0,0
1649831357286,0,135.181.85.130 CPU mysqldCPUPercent,,,,,true,,0,0,0,0,null,0,0,0
1649831357286,1641,localhost CPU,,,,,true,,0,0,0,0,null,0,0,0
1649831358287,29381,135.181.85.130 CPU,,,,,true,,0,0,0,0,null,0,0,0
1649831358287,9990,135.181.85.130 CPU mysqldCPUPercent,,,,,true,,0,0,0,0,null,0,0,0
1649831358287,3197,localhost CPU,,,,,true,,0,0,0,0,null,0,0,0
1649831359287,28282,135.181.85.130 CPU,,,,,true,,0,0,0,0,null,0,0,0
1649831359288,0,135.181.85.130 CPU mysqldCPUPercent,,,,,true,,0,0,0,0,null,0,0,0
1649831359288,2142,localhost CPU,,,,,true,,0,0,0,0,null,0,0,0
1649831360288,28717,135.181.85.130 CPU,,,,,true,,0,0,0,0,null,0,0,0
1649831360288,7000,135.181.85.130 CPU mysqldCPUPercent,,,,,true,,0,0,0,0,null,0,0,0
1649831360289,2139,localhost CPU,,,,,true,,0,0,0,0,null,0,0,0
1649831361289,33163,135.181.85.130 CPU,,,,,true,,0,0,0,0,null,0,0,0
1649831361289,0,135.181.85.130 CPU mysqldCPUPercent,,,,,true,,0,0,0,0,null,0,0,0
1649831361289,2079,localhost CPU,,,,,true,,0,0,0,0,null,0,0,0
1649831362290,27979,135.181.85.130 CPU,,,,,true,,0,0,0,0,null,0,0,0
1649831362290,11988,135.181.85.130 CPU mysqldCPUPercent,,,,,true,,0,0,0,0,null,0,0,0
1649831362290,2013,localhost CPU,,,,,true,,0,0,0,0,null,0,0,0
1649831363290,30412,135.181.85.130 CPU,,,,,true,,0,0,0,0,null,0,0,0
1649831363291,0,135.181.85.130 CPU mysqldCPUPercent,,,,,true,,0,0,0,0,null,0,0,0
1649831363291,2145,localhost CPU,,,,,true,,0,0,0,0,null,0,0,0
1649831364291,27835,135.181.85.130 CPU,,,,,true,,0,0,0,0,null,0,0,0
1649831364291,15984,135.181.85.130 CPU mysqldCPUPercent,,,,,true,,0,0,0,0,null,0,0,0
1649831364292,2278,localhost CPU,,,,,true,,0,0,0,0,null,0,0,0
1649831365292,27835,135.181.85.130 CPU,,,,,true,,0,0,0,0,null,0,0,0
1649831365292,0,135.181.85.130 CPU mysqldCPUPercent,,,,,true,,0,0,0,0,null,0,0,0
1649831365292,3049,localhost CPU,,,,,true,,0,0,0,0,null,0,0,0
1649831366293,27777,135.181.85.130 CPU,,,,,true,,0,0,0,0,null,0,0,0
1649831366293,13000,135.181.85.130 CPU mysqldCPUPercent,,,,,true,,0,0,0,0,null,0,0,0
1649831366293,2526,localhost CPU,,,,,true,,0,0,0,0,null,0,0,0
1649831367293,29081,135.181.85.130 CPU,,,,,true,,0,0,0,0,null,0,0,0
1649831367293,0,135.181.85.130 CPU mysqldCPUPercent,,,,,true,,0,0,0,0,null,0,0,0
1649831367294,3441,localhost CPU,,,,,true,,0,0,0,0,null,0,0,0
1649831368294,31122,135.181.85.130 CPU,,,,,true,,0,0,0,0,null,0,0,0
1649831368294,17017,135.181.85.130 CPU mysqldCPUPercent,,,,,true,,0,0,0,0,null,0,0,0
1649831368294,2015,localhost CPU,,,,,true,,0,0,0,0,null,0,0,0
1649831369295,29381,135.181.85.130 CPU,,,,,true,,0,0,0,0,null,0,0,0
1649831369295,0,135.181.85.130 CPU mysqldCPUPercent,,,,,true,,0,0,0,0,null,0,0,0
1649831369295,1955,localhost CPU,,,,,true,,0,0,0,0,null,0,0,0
1649831370296,31794,135.181.85.130 CPU,,,,,true,,0,0,0,0,null,0,0,0
1649831370296,15000,135.181.85.130 CPU mysqldCPUPercent,,,,,true,,0,0,0,0,null,0,0,0
1649831370296,4513,localhost CPU,,,,,true,,0,0,0,0,null,0,0,0
1649831371296,29896,135.181.85.130 CPU,,,,,true,,0,0,0,0,null,0,0,0
1649831371296,0,135.181.85.130 CPU mysqldCPUPercent,,,,,true,,0,0,0,0,null,0,0,0
1649831371297,4743,localhost CPU,,,,,true,,0,0,0,0,null,0,0,0
1649831372297,28934,135.181.85.130 CPU,,,,,true,,0,0,0,0,null,0,0,0
1649831372298,17982,135.181.85.130 CPU mysqldCPUPercent,,,,,true,,0,0,0,0,null,0,0,0
1649831372298,3221,localhost CPU,,,,,true,,0,0,0,0,null,0,0,0
1649831373299,29230,135.181.85.130 CPU,,,,,true,,0,0,0,0,null,0,0,0
1649831373299,0,135.181.85.130 CPU mysqldCPUPercent,,,,,true,,0,0,0,0,null,0,0,0
1649831373299,2967,localhost CPU,,,,,true,,0,0,0,0,null,0,0,0
1649831374299,28717,135.181.85.130 CPU,,,,,true,,0,0,0,0,null,0,0,0
1649831374300,15015,135.181.85.130 CPU mysqldCPUPercent,,,,,true,,0,0,0,0,null,0,0,0
1649831374300,2340,localhost CPU,,,,,true,,0,0,0,0,null,0,0,0
1649831375300,29591,135.181.85.130 CPU,,,,,true,,0,0,0,0,null,0,0,0
1649831375300,0,135.181.85.130 CPU mysqldCPUPercent,,,,,true,,0,0,0,0,null,0,0,0
1649831375301,3386,localhost CPU,,,,,true,,0,0,0,0,null,0,0,0
1649831376301,28497,135.181.85.130 CPU,,,,,true,,0,0,0,0,null,0,0,0
1649831376301,14985,135.181.85.130 CPU mysqldCPUPercent,,,,,true,,0,0,0,0,null,0,0,0
1649831376302,2522,localhost CPU,,,,,true,,0,0,0,0,null,0,0,0
1649831377302,28350,135.181.85.130 CPU,,,,,true,,0,0,0,0,null,0,0,0
1649831377302,0,135.181.85.130 CPU mysqldCPUPercent,,,,,true,,0,0,0,0,null,0,0,0
1649831377303,2633,localhost CPU,,,,,true,,0,0,0,0,null,0,0,0
1649831378303,29533,135.181.85.130 CPU,,,,,true,,0,0,0,0,null,0,0,0
1649831378303,14985,135.181.85.130 CPU mysqldCPUPercent,,,,,true,,0,0,0,0,null,0,0,0
1649831378304,1460,localhost CPU,,,,,true,,0,0,0,0,null,0,0,0
1649831379304,29230,135.181.85.130 CPU,,,,,true,,0,0,0,0,null,0,0,0
1649831379304,0,135.181.85.130 CPU mysqldCPUPercent,,,,,true,,0,0,0,0,null,0,0,0
1649831379304,2085,localhost CPU,,,,,true,,0,0,0,0,null,0,0,0
1649831380305,32653,135.181.85.130 CPU,,,,,true,,0,0,0,0,null,0,0,0
1649831380305,13986,135.181.85.130 CPU mysqldCPUPercent,,,,,true,,0,0,0,0,null,0,0,0
1649831380305,2141,localhost CPU,,,,,true,,0,0,0,0,null,0,0,0
1649831381306,32989,135.181.85.130 CPU,,,,,true,,0,0,0,0,null,0,0,0
1649831381306,0,135.181.85.130 CPU mysqldCPUPercent,,,,,true,,0,0,0,0,null,0,0,0
1649831381306,1962,localhost CPU,,,,,true,,0,0,0,0,null,0,0,0
1649831382307,26943,135.181.85.130 CPU,,,,,true,,0,0,0,0,null,0,0,0
1649831382307,13000,135.181.85.130 CPU mysqldCPUPercent,,,,,true,,0,0,0,0,null,0,0,0
1649831382307,2889,localhost CPU,,,,,true,,0,0,0,0,null,0,0,0
1649831383307,27835,135.181.85.130 CPU,,,,,true,,0,0,0,0,null,0,0,0
1649831383307,0,135.181.85.130 CPU mysqldCPUPercent,,,,,true,,0,0,0,0,null,0,0,0
1649831383308,2082,localhost CPU,,,,,true,,0,0,0,0,null,0,0,0
1649831384308,27319,135.181.85.130 CPU,,,,,true,,0,0,0,0,null,0,0,0
1649831384308,16966,135.181.85.130 CPU mysqldCPUPercent,,,,,true,,0,0,0,0,null,0,0,0
1649831384308,2385,localhost CPU,,,,,true,,0,0,0,0,null,0,0,0
1649831385309,30256,135.181.85.130 CPU,,,,,true,,0,0,0,0,null,0,0,0
1649831385309,0,135.181.85.130 CPU mysqldCPUPercent,,,,,true,,0,0,0,0,null,0,0,0
1649831385309,2216,localhost CPU,,,,,true,,0,0,0,0,null,0,0,0
1649831386310,29381,135.181.85.130 CPU,,,,,true,,0,0,0,0,null,0,0,0
1649831386310,16983,135.181.85.130 CPU mysqldCPUPercent,,,,,true,,0,0,0,0,null,0,0,0
1649831386310,2209,localhost CPU,,,,,true,,0,0,0,0,null,0,0,0
1649831387310,32653,135.181.85.130 CPU,,,,,true,,0,0,0,0,null,0,0,0
1649831387310,0,135.181.85.130 CPU mysqldCPUPercent,,,,,true,,0,0,0,0,null,0,0,0
1649831387311,2510,localhost CPU,,,,,true,,0,0,0,0,null,0,0,0
1649831388311,30964,135.181.85.130 CPU,,,,,true,,0,0,0,0,null,0,0,0
1649831388311,14970,135.181.85.130 CPU mysqldCPUPercent,,,,,true,,0,0,0,0,null,0,0,0
1649831388311,2454,localhost CPU,,,,,true,,0,0,0,0,null,0,0,0
1649831389312,32989,135.181.85.130 CPU,,,,,true,,0,0,0,0,null,0,0,0
1649831389312,0,135.181.85.130 CPU mysqldCPUPercent,,,,,true,,0,0,0,0,null,0,0,0
1649831389312,2392,localhost CPU,,,,,true,,0,0,0,0,null,0,0,0
1649831390313,40414,135.181.85.130 CPU,,,,,true,,0,0,0,0,null,0,0,0
1649831390313,16000,135.181.85.130 CPU mysqldCPUPercent,,,,,true,,0,0,0,0,null,0,0,0
1649831390313,2332,localhost CPU,,,,,true,,0,0,0,0,null,0,0,0
1649831391313,40306,135.181.85.130 CPU,,,,,true,,0,0,0,0,null,0,0,0
1649831391314,0,135.181.85.130 CPU mysqldCPUPercent,,,,,true,,0,0,0,0,null,0,0,0
1649831391314,2641,localhost CPU,,,,,true,,0,0,0,0,null,0,0,0
1649831392314,30256,135.181.85.130 CPU,,,,,true,,0,0,0,0,null,0,0,0
1649831392314,17946,135.181.85.130 CPU mysqldCPUPercent,,,,,true,,0,0,0,0,null,0,0,0
1649831392315,2462,localhost CPU,,,,,true,,0,0,0,0,null,0,0,0
1649831393315,28205,135.181.85.130 CPU,,,,,true,,0,0,0,0,null,0,0,0
1649831393315,0,135.181.85.130 CPU mysqldCPUPercent,,,,,true,,0,0,0,0,null,0,0,0
1649831393315,2533,localhost CPU,,,,,true,,0,0,0,0,null,0,0,0
1649831394316,38974,135.181.85.130 CPU,,,,,true,,0,0,0,0,null,0,0,0
1649831394316,18000,135.181.85.130 CPU mysqldCPUPercent,,,,,true,,0,0,0,0,null,0,0,0
1649831394316,1959,localhost CPU,,,,,true,,0,0,0,0,null,0,0,0
1649831395316,42783,135.181.85.130 CPU,,,,,true,,0,0,0,0,null,0,0,0
1649831395317,0,135.181.85.130 CPU mysqldCPUPercent,,,,,true,,0,0,0,0,null,0,0,0
1649831395317,2646,localhost CPU,,,,,true,,0,0,0,0,null,0,0,0
1649831396317,31443,135.181.85.130 CPU,,,,,true,,0,0,0,0,null,0,0,0
1649831396317,19000,135.181.85.130 CPU mysqldCPUPercent,,,,,true,,0,0,0,0,null,0,0,0
1649831396317,2911,localhost CPU,,,,,true,,0,0,0,0,null,0,0,0
1649831397318,30569,135.181.85.130 CPU,,,,,true,,0,0,0,0,null,0,0,0
1649831397318,0,135.181.85.130 CPU mysqldCPUPercent,,,,,true,,0,0,0,0,null,0,0,0
1649831397318,3337,localhost CPU,,,,,true,,0,0,0,0,null,0,0,0
1649831398319,27179,135.181.85.130 CPU,,,,,true,,0,0,0,0,null,0,0,0
1649831398319,17017,135.181.85.130 CPU mysqldCPUPercent,,,,,true,,0,0,0,0,null,0,0,0
1649831398319,2663,localhost CPU,,,,,true,,0,0,0,0,null,0,0,0
1649831399319,46391,135.181.85.130 CPU,,,,,true,,0,0,0,0,null,0,0,0
1649831399319,0,135.181.85.130 CPU mysqldCPUPercent,,,,,true,,0,0,0,0,null,0,0,0
1649831399320,2080,localhost CPU,,,,,true,,0,0,0,0,null,0,0,0
1649831400320,28717,135.181.85.130 CPU,,,,,true,,0,0,0,0,null,0,0,0
1649831400320,11000,135.181.85.130 CPU mysqldCPUPercent,,,,,true,,0,0,0,0,null,0,0,0
1649831400320,2084,localhost CPU,,,,,true,,0,0,0,0,null,0,0,0
1649831401321,32642,135.181.85.130 CPU,,,,,true,,0,0,0,0,null,0,0,0
1649831401321,0,135.181.85.130 CPU mysqldCPUPercent,,,,,true,,0,0,0,0,null,0,0,0
1649831401321,2322,localhost CPU,,,,,true,,0,0,0,0,null,0,0,0
1649831402322,28350,135.181.85.130 CPU,,,,,true,,0,0,0,0,null,0,0,0
1649831402322,11988,135.181.85.130 CPU mysqldCPUPercent,,,,,true,,0,0,0,0,null,0,0,0
1649831402322,2648,localhost CPU,,,,,true,,0,0,0,0,null,0,0,0
1649831403323,29230,135.181.85.130 CPU,,,,,true,,0,0,0,0,null,0,0,0
1649831403323,0,135.181.85.130 CPU mysqldCPUPercent,,,,,true,,0,0,0,0,null,0,0,0
1649831403323,2202,localhost CPU,,,,,true,,0,0,0,0,null,0,0,0
1649831404324,29292,135.181.85.130 CPU,,,,,true,,0,0,0,0,null,0,0,0
1649831404324,13765,135.181.85.130 CPU mysqldCPUPercent,,,,,true,,0,0,0,0,null,0,0,0
1649831404324,2974,localhost CPU,,,,,true,,0,0,0,0,null,0,0,0
1649831405325,30208,135.181.85.130 CPU,,,,,true,,0,0,0,0,null,0,0,0
1649831405325,0,135.181.85.130 CPU mysqldCPUPercent,,,,,true,,0,0,0,0,null,0,0,0
1649831405325,2452,localhost CPU,,,,,true,,0,0,0,0,null,0,0,0
1649831406325,27835,135.181.85.130 CPU,,,,,true,,0,0,0,0,null,0,0,0
1649831406326,17000,135.181.85.130 CPU mysqldCPUPercent,,,,,true,,0,0,0,0,null,0,0,0
1649831406326,1773,localhost CPU,,,,,true,,0,0,0,0,null,0,0,0
1649831407326,29081,135.181.85.130 CPU,,,,,true,,0,0,0,0,null,0,0,0
1649831407326,0,135.181.85.130 CPU mysqldCPUPercent,,,,,true,,0,0,0,0,null,0,0,0
1649831407327,2383,localhost CPU,,,,,true,,0,0,0,0,null,0,0,0
1649831408327,26804,135.181.85.130 CPU,,,,,true,,0,0,0,0,null,0,0,0
1649831408327,7992,135.181.85.130 CPU mysqldCPUPercent,,,,,true,,0,0,0,0,null,0,0,0
1649831408328,2084,localhost CPU,,,,,true,,0,0,0,0,null,0,0,0
1649831409328,29015,135.181.85.130 CPU,,,,,true,,0,0,0,0,null,0,0,0
1649831409328,0,135.181.85.130 CPU mysqldCPUPercent,,,,,true,,0,0,0,0,null,0,0,0
1649831409329,3270,localhost CPU,,,,,true,,0,0,0,0,null,0,0,0
1649831410329,29743,135.181.85.130 CPU,,,,,true,,0,0,0,0,null,0,0,0
1649831410329,12000,135.181.85.130 CPU mysqldCPUPercent,,,,,true,,0,0,0,0,null,0,0,0
1649831410330,2271,localhost CPU,,,,,true,,0,0,0,0,null,0,0,0
1649831411330,34196,135.181.85.130 CPU,,,,,true,,0,0,0,0,null,0,0,0
1649831411330,0,135.181.85.130 CPU mysqldCPUPercent,,,,,true,,0,0,0,0,null,0,0,0
1649831411330,2012,localhost CPU,,,,,true,,0,0,0,0,null,0,0,0
1649831412331,34010,135.181.85.130 CPU,,,,,true,,0,0,0,0,null,0,0,0
1649831412331,12000,135.181.85.130 CPU mysqldCPUPercent,,,,,true,,0,0,0,0,null,0,0,0
1649831412331,1958,localhost CPU,,,,,true,,0,0,0,0,null,0,0,0
1649831413332,30102,135.181.85.130 CPU,,,,,true,,0,0,0,0,null,0,0,0
1649831413332,0,135.181.85.130 CPU mysqldCPUPercent,,,,,true,,0,0,0,0,null,0,0,0
1649831413332,1890,localhost CPU,,,,,true,,0,0,0,0,null,0,0,0
1649831414332,28717,135.181.85.130 CPU,,,,,true,,0,0,0,0,null,0,0,0
1649831414332,13000,135.181.85.130 CPU mysqldCPUPercent,,,,,true,,0,0,0,0,null,0,0,0
1649831414333,5367,localhost CPU,,,,,true,,0,0,0,0,null,0,0,0
1649831415333,29743,135.181.85.130 CPU,,,,,true,,0,0,0,0,null,0,0,0
1649831415333,0,135.181.85.130 CPU mysqldCPUPercent,,,,,true,,0,0,0,0,null,0,0,0
1649831415334,3463,localhost CPU,,,,,true,,0,0,0,0,null,0,0,0
1649831416334,28350,135.181.85.130 CPU,,,,,true,,0,0,0,0,null,0,0,0
1649831416334,14985,135.181.85.130 CPU mysqldCPUPercent,,,,,true,,0,0,0,0,null,0,0,0
1649831416334,5183,localhost CPU,,,,,true,,0,0,0,0,null,0,0,0
1649831417335,27319,135.181.85.130 CPU,,,,,true,,0,0,0,0,null,0,0,0
1649831417335,0,135.181.85.130 CPU mysqldCPUPercent,,,,,true,,0,0,0,0,null,0,0,0
1649831417335,1646,localhost CPU,,,,,true,,0,0,0,0,null,0,0,0
1649831418336,39896,135.181.85.130 CPU,,,,,true,,0,0,0,0,null,0,0,0
1649831418336,15015,135.181.85.130 CPU mysqldCPUPercent,,,,,true,,0,0,0,0,null,0,0,0
1649831418336,3524,localhost CPU,,,,,true,,0,0,0,0,null,0,0,0
1649831419336,32460,135.181.85.130 CPU,,,,,true,,0,0,0,0,null,0,0,0
1649831419336,0,135.181.85.130 CPU mysqldCPUPercent,,,,,true,,0,0,0,0,null,0,0,0
1649831419337,2080,localhost CPU,,,,,true,,0,0,0,0,null,0,0,0
1649831420337,29015,135.181.85.130 CPU,,,,,true,,0,0,0,0,null,0,0,0
1649831420337,12000,135.181.85.130 CPU mysqldCPUPercent,,,,,true,,0,0,0,0,null,0,0,0
1649831420337,2321,localhost CPU,,,,,true,,0,0,0,0,null,0,0,0
1649831421338,28497,135.181.85.130 CPU,,,,,true,,0,0,0,0,null,0,0,0
1649831421338,0,135.181.85.130 CPU mysqldCPUPercent,,,,,true,,0,0,0,0,null,0,0,0
1649831421338,2848,localhost CPU,,,,,true,,0,0,0,0,null,0,0,0
1649831422338,31958,135.181.85.130 CPU,,,,,true,,0,0,0,0,null,0,0,0
1649831422339,8000,135.181.85.130 CPU mysqldCPUPercent,,,,,true,,0,0,0,0,null,0,0,0
1649831422339,5482,localhost CPU,,,,,true,,0,0,0,0,null,0,0,0
1649831423339,58762,135.181.85.130 CPU,,,,,true,,0,0,0,0,null,0,0,0
1649831423339,0,135.181.85.130 CPU mysqldCPUPercent,,,,,true,,0,0,0,0,null,0,0,0
1649831423339,4834,localhost CPU,,,,,true,,0,0,0,0,null,0,0,0
1649831424340,27461,135.181.85.130 CPU,,,,,true,,0,0,0,0,null,0,0,0
1649831424340,10000,135.181.85.130 CPU mysqldCPUPercent,,,,,true,,0,0,0,0,null,0,0,0
1649831424340,3162,localhost CPU,,,,,true,,0,0,0,0,null,0,0,0
1649831425340,26943,135.181.85.130 CPU,,,,,true,,0,0,0,0,null,0,0,0
1649831425341,0,135.181.85.130 CPU mysqldCPUPercent,,,,,true,,0,0,0,0,null,0,0,0
1649831425341,1903,localhost CPU,,,,,true,,0,0,0,0,null,0,0,0
1649831426341,30102,135.181.85.130 CPU,,,,,true,,0,0,0,0,null,0,0,0
1649831426341,15000,135.181.85.130 CPU mysqldCPUPercent,,,,,true,,0,0,0,0,null,0,0,0
1649831426341,3293,localhost CPU,,,,,true,,0,0,0,0,null,0,0,0
1649831427342,28571,135.181.85.130 CPU,,,,,true,,0,0,0,0,null,0,0,0
1649831427342,0,135.181.85.130 CPU mysqldCPUPercent,,,,,true,,0,0,0,0,null,0,0,0
1649831427342,4137,localhost CPU,,,,,true,,0,0,0,0,null,0,0,0
1649831428343,31606,135.181.85.130 CPU,,,,,true,,0,0,0,0,null,0,0,0
1649831428343,13986,135.181.85.130 CPU mysqldCPUPercent,,,,,true,,0,0,0,0,null,0,0,0
1649831428343,3225,localhost CPU,,,,,true,,0,0,0,0,null,0,0,0
1649831429343,29230,135.181.85.130 CPU,,,,,true,,0,0,0,0,null,0,0,0
1649831429343,0,135.181.85.130 CPU mysqldCPUPercent,,,,,true,,0,0,0,0,null,0,0,0
1649831429343,2145,localhost CPU,,,,,true,,0,0,0,0,null,0,0,0
1649831430344,26701,135.181.85.130 CPU,,,,,true,,0,0,0,0,null,0,0,0
1649831430344,9009,135.181.85.130 CPU mysqldCPUPercent,,,,,true,,0,0,0,0,null,0,0,0
1649831430344,4030,localhost CPU,,,,,true,,0,0,0,0,null,0,0,0
1649831431345,26666,135.181.85.130 CPU,,,,,true,,0,0,0,0,null,0,0,0
1649831431345,0,135.181.85.130 CPU mysqldCPUPercent,,,,,true,,0,0,0,0,null,0,0,0
1649831431345,4831,localhost CPU,,,,,true,,0,0,0,0,null,0,0,0
1649831432345,40609,135.181.85.130 CPU,,,,,true,,0,0,0,0,null,0,0,0
1649831432346,11000,135.181.85.130 CPU mysqldCPUPercent,,,,,true,,0,0,0,0,null,0,0,0
1649831432346,2970,localhost CPU,,,,,true,,0,0,0,0,null,0,0,0
1649831433346,27979,135.181.85.130 CPU,,,,,true,,0,0,0,0,null,0,0,0
1649831433346,0,135.181.85.130 CPU mysqldCPUPercent,,,,,true,,0,0,0,0,null,0,0,0
1649831433346,7250,localhost CPU,,,,,true,,0,0,0,0,null,0,0,0
1649831434347,35897,135.181.85.130 CPU,,,,,true,,0,0,0,0,null,0,0,0
1649831434347,12000,135.181.85.130 CPU mysqldCPUPercent,,,,,true,,0,0,0,0,null,0,0,0
1649831434347,6014,localhost CPU,,,,,true,,0,0,0,0,null,0,0,0
1649831435347,29230,135.181.85.130 CPU,,,,,true,,0,0,0,0,null,0,0,0
1649831435347,0,135.181.85.130 CPU mysqldCPUPercent,,,,,true,,0,0,0,0,null,0,0,0
1649831435348,4237,localhost CPU,,,,,true,,0,0,0,0,null,0,0,0
1649831436348,27979,135.181.85.130 CPU,,,,,true,,0,0,0,0,null,0,0,0
1649831436348,15000,135.181.85.130 CPU mysqldCPUPercent,,,,,true,,0,0,0,0,null,0,0,0
1649831436348,4822,localhost CPU,,,,,true,,0,0,0,0,null,0,0,0
1649831437348,29015,135.181.85.130 CPU,,,,,true,,0,0,0,0,null,0,0,0
1649831437348,0,135.181.85.130 CPU mysqldCPUPercent,,,,,true,,0,0,0,0,null,0,0,0
1649831437349,3422,localhost CPU,,,,,true,,0,0,0,0,null,0,0,0
1649831438349,27692,135.181.85.130 CPU,,,,,true,,0,0,0,0,null,0,0,0
1649831438350,11000,135.181.85.130 CPU mysqldCPUPercent,,,,,true,,0,0,0,0,null,0,0,0
1649831438350,4121,localhost CPU,,,,,true,,0,0,0,0,null,0,0,0
1649831439350,28865,135.181.85.130 CPU,,,,,true,,0,0,0,0,null,0,0,0
1649831439350,0,135.181.85.130 CPU mysqldCPUPercent,,,,,true,,0,0,0,0,null,0,0,0
1649831439350,4353,localhost CPU,,,,,true,,0,0,0,0,null,0,0,0
1649831440351,27551,135.181.85.130 CPU,,,,,true,,0,0,0,0,null,0,0,0
1649831440351,10989,135.181.85.130 CPU mysqldCPUPercent,,,,,true,,0,0,0,0,null,0,0,0
1649831440351,2651,localhost CPU,,,,,true,,0,0,0,0,null,0,0,0
1649831441351,30102,135.181.85.130 CPU,,,,,true,,0,0,0,0,null,0,0,0
1649831441352,0,135.181.85.130 CPU mysqldCPUPercent,,,,,true,,0,0,0,0,null,0,0,0
1649831441352,2217,localhost CPU,,,,,true,,0,0,0,0,null,0,0,0
1649831442352,29591,135.181.85.130 CPU,,,,,true,,0,0,0,0,null,0,0,0
1649831442352,12000,135.181.85.130 CPU mysqldCPUPercent,,,,,true,,0,0,0,0,null,0,0,0
1649831442352,1764,localhost CPU,,,,,true,,0,0,0,0,null,0,0,0
1649831443353,42487,135.181.85.130 CPU,,,,,true,,0,0,0,0,null,0,0,0
1649831443353,0,135.181.85.130 CPU mysqldCPUPercent,,,,,true,,0,0,0,0,null,0,0,0
1649831443353,2762,localhost CPU,,,,,true,,0,0,0,0,null,0,0,0
1649831444354,28350,135.181.85.130 CPU,,,,,true,,0,0,0,0,null,0,0,0
1649831444354,10978,135.181.85.130 CPU mysqldCPUPercent,,,,,true,,0,0,0,0,null,0,0,0
1649831444354,2411,localhost CPU,,,,,true,,0,0,0,0,null,0,0,0
1649831445355,29081,135.181.85.130 CPU,,,,,true,,0,0,0,0,null,0,0,0
1649831445355,0,135.181.85.130 CPU mysqldCPUPercent,,,,,true,,0,0,0,0,null,0,0,0
1649831445355,3409,localhost CPU,,,,,true,,0,0,0,0,null,0,0,0
1649831446355,27461,135.181.85.130 CPU,,,,,true,,0,0,0,0,null,0,0,0
1649831446355,14000,135.181.85.130 CPU mysqldCPUPercent,,,,,true,,0,0,0,0,null,0,0,0
1649831446356,2141,localhost CPU,,,,,true,,0,0,0,0,null,0,0,0
1649831447356,29743,135.181.85.130 CPU,,,,,true,,0,0,0,0,null,0,0,0
1649831447356,0,135.181.85.130 CPU mysqldCPUPercent,,,,,true,,0,0,0,0,null,0,0,0
1649831447357,1515,localhost CPU,,,,,true,,0,0,0,0,null,0,0,0
1649831448357,27179,135.181.85.130 CPU,,,,,true,,0,0,0,0,null,0,0,0
1649831448357,14985,135.181.85.130 CPU mysqldCPUPercent,,,,,true,,0,0,0,0,null,0,0,0
1649831448357,2318,localhost CPU,,,,,true,,0,0,0,0,null,0,0,0
1649831449358,29292,135.181.85.130 CPU,,,,,true,,0,0,0,0,null,0,0,0
1649831449358,0,135.181.85.130 CPU mysqldCPUPercent,,,,,true,,0,0,0,0,null,0,0,0
1649831449358,3203,localhost CPU,,,,,true,,0,0,0,0,null,0,0,0
1649831450358,27551,135.181.85.130 CPU,,,,,true,,0,0,0,0,null,0,0,0
1649831450359,12000,135.181.85.130 CPU mysqldCPUPercent,,,,,true,,0,0,0,0,null,0,0,0
1649831450359,3233,localhost CPU,,,,,true,,0,0,0,0,null,0,0,0
1649831451359,29533,135.181.85.130 CPU,,,,,true,,0,0,0,0,null,0,0,0
1649831451359,0,135.181.85.130 CPU mysqldCPUPercent,,,,,true,,0,0,0,0,null,0,0,0
1649831451359,3123,localhost CPU,,,,,true,,0,0,0,0,null,0,0,0
1649831452360,30102,135.181.85.130 CPU,,,,,true,,0,0,0,0,null,0,0,0
1649831452360,15000,135.181.85.130 CPU mysqldCPUPercent,,,,,true,,0,0,0,0,null,0,0,0
1649831452360,2891,localhost CPU,,,,,true,,0,0,0,0,null,0,0,0
1649831453360,27461,135.181.85.130 CPU,,,,,true,,0,0,0,0,null,0,0,0
1649831453360,0,135.181.85.130 CPU mysqldCPUPercent,,,,,true,,0,0,0,0,null,0,0,0
1649831453360,5085,localhost CPU,,,,,true,,0,0,0,0,null,0,0,0
1649831454361,26424,135.181.85.130 CPU,,,,,true,,0,0,0,0,null,0,0,0
1649831454361,6000,135.181.85.130 CPU mysqldCPUPercent,,,,,true,,0,0,0,0,null,0,0,0
1649831454361,3924,localhost CPU,,,,,true,,0,0,0,0,null,0,0,0
1649831455361,28865,135.181.85.130 CPU,,,,,true,,0,0,0,0,null,0,0,0
1649831455361,0,135.181.85.130 CPU mysqldCPUPercent,,,,,true,,0,0,0,0,null,0,0,0
1649831455361,2718,localhost CPU,,,,,true,,0,0,0,0,null,0,0,0
1649831456362,30412,135.181.85.130 CPU,,,,,true,,0,0,0,0,null,0,0,0
1649831456362,7000,135.181.85.130 CPU mysqldCPUPercent,,,,,true,,0,0,0,0,null,0,0,0
1649831456362,2271,localhost CPU,,,,,true,,0,0,0,0,null,0,0,0
1649831457362,28717,135.181.85.130 CPU,,,,,true,,0,0,0,0,null,0,0,0
1649831457362,0,135.181.85.130 CPU mysqldCPUPercent,,,,,true,,0,0,0,0,null,0,0,0
1649831457363,2639,localhost CPU,,,,,true,,0,0,0,0,null,0,0,0
1649831458363,29648,135.181.85.130 CPU,,,,,true,,0,0,0,0,null,0,0,0
1649831458363,13000,135.181.85.130 CPU mysqldCPUPercent,,,,,true,,0,0,0,0,null,0,0,0
1649831458363,3195,localhost CPU,,,,,true,,0,0,0,0,null,0,0,0
1649831459364,27040,135.181.85.130 CPU,,,,,true,,0,0,0,0,null,0,0,0
1649831459364,0,135.181.85.130 CPU mysqldCPUPercent,,,,,true,,0,0,0,0,null,0,0,0
1649831459364,2013,localhost CPU,,,,,true,,0,0,0,0,null,0,0,0
1649831460364,28125,135.181.85.130 CPU,,,,,true,,0,0,0,0,null,0,0,0
1649831460365,11000,135.181.85.130 CPU mysqldCPUPercent,,,,,true,,0,0,0,0,null,0,0,0
1649831460365,3223,localhost CPU,,,,,true,,0,0,0,0,null,0,0,0
1649831461365,22842,135.181.85.130 CPU,,,,,true,,0,0,0,0,null,0,0,0
1649831461366,0,135.181.85.130 CPU mysqldCPUPercent,,,,,true,,0,0,0,0,null,0,0,0
1649831461366,2989,localhost CPU,,,,,true,,0,0,0,0,null,0,0,0
